﻿<beans xmlns="http://www.springframework.org/schema/beans"
       xmlns:xsi="http://www.w3.org/2001/XMLSchema-instance" xmlns:p="http://www.springframework.org/schema/p"
       xmlns:aop="http://www.springframework.org/schema/aop" xmlns:context="http://www.springframework.org/schema/context"
       xmlns:jee="http://www.springframework.org/schema/jee" xmlns:tx="http://www.springframework.org/schema/tx"
       xmlns:task="http://www.springframework.org/schema/task"
       xsi:schemaLocation="http://www.springframework.org/schema/aop http://www.springframework.org/schema/aop/spring-aop-3.2.xsd http://www.springframework.org/schema/beans http://www.springframework.org/schema/beans/spring-beans-3.2.xsd http://www.springframework.org/schema/context http://www.springframework.org/schema/context/spring-context-3.2.xsd http://www.springframework.org/schema/jee http://www.springframework.org/schema/jee/spring-jee-3.2.xsd http://www.springframework.org/schema/tx http://www.springframework.org/schema/tx/spring-tx-3.2.xsd http://www.springframework.org/schema/task http://www.springframework.org/schema/task/spring-task-3.2.xsd">
    <context:annotation-config /><!-- <bean class="org.springframework.beans.factory.annotation.AutowiredAnnotationBeanPostProcessor" /> -->
    <!-- Activate Aspects --> 
    <aop:aspectj-autoproxy />
    
    <!-- JavaConfig post-processor -->
    <bean class="pk.edu.nust.seecs.springlogaspects.configuration.SupplimentaryAnnotatedConfig"/>
    
    <!-- Hibernate Data Source -->
    <bean id="dataSource" class="org.apache.commons.dbcp.BasicDataSource"
                                                         destroy-method="close">
        <property name="driverClassName" value="com.mysql.jdbc.Driver" />
        <property name="url" value="jdbc:mysql://localhost:3306/structure" />
        <property name="username" value="root" />
        <property name="password" value="root" />
        
    </bean>
    
    <!-- Hibernate 4 SessionFactory Bean definition -->
    <bean id="hibernate4AnnotatedSessionFactory"
                                                                                                                                                                                                                                             class="org.springframework.orm.hibernate4.LocalSessionFactoryBean">
        <property name="dataSource" ref="dataSource" />
        <property name="annotatedClasses">
            <list>
                <value>pk.edu.nust.seecs.springlogaspects.entity.Address</value>
                <value>pk.edu.nust.seecs.springlogaspects.entity.Structure</value>
            </list>
        </property>
        <property name="hibernateProperties">
            <props>
                <prop key="hibernate.enable_lazy_load_no_trans">true</prop>
                <prop key="hibernate.hbm2ddl.auto">update</prop>
                <prop key="hibernate.dialect">org.hibernate.dialect.MySQLDialect</prop>
                <prop key="hibernate.current_session_context_class">thread</prop>
                <prop key="hibernate.show_sql">true</prop>
            </props>
        </property>
    </bean>
    
    <!-- Other Beans -->
    <bean id="structurePersistor" class="pk.edu.nust.seecs.springlogaspects.dao.StructureDao">
        <property name="sessionFactory" ref="hibernate4AnnotatedSessionFactory" />
    </bean>
    <bean id="addressPersistor" class="pk.edu.nust.seecs.springlogaspects.dao.AddressDao">
        <property name="sessionFactory" ref="hibernate4AnnotatedSessionFactory" />
    </bean>
    <!-- These Beans have been defined using the annotated configuration classes -->

    <!--<bean id="addressManager" class="pk.edu.nust.seecs.springlogaspects.bo.AddressBoImpl"></bean>
    <bean id="structureManager" class="pk.edu.nust.seecs.springlogaspects.bo.StructureBoImpl"></bean>-->
    
    <bean id="tracker" class="pk.edu.nust.seecs.springlogaspects.bo.TrackUserActions"></bean>
</beans>